nprocs,iterations,memory,wall_time,single_throughput,total_throughput,TotalMemory,PctMemory,Ideal
1,15,52276.3,581.864,125169000.0,41723100.0,52276.3,40.840859375,125169000.0
8,22,7473.68,100.527,1062590000.0,241498000.0,59789.44,46.7105,1001352000.0
32,33,1937.47,49.6981,3224050000.0,488492000.0,61999.04,48.43675,4005408000.0
56,42,1020.18,38.5321,5292420000.0,630051000.0,57130.079999999994,44.632875,7009464000.0
88,49,760.32,42.1732,5641400000.0,575653000.0,66908.16,52.272000000000006,11014872000.0
112,46,530.523,28.5231,7830500000.0,851141000.0,59418.576,46.4207625,14018928000.0
