"Key","Min","Mean","Max","Stdev","Range","Variability"
"035|57344",125.92533173983813,126.04663227582566,126.16793281181317,0.1715448631166801,0.2426010719750451,0.0019246930092044457
"035|229376",127.01909625777105,1291.3053821779872,2048.1744641739656,908.8962792204078,1921.1553679161946,1.4877622245141326
"035|28672",1946.3939270672652,2043.9745959557977,2140.2706770008717,87.7686014680655,193.87674993360656,0.09485281779783886
"035|114688",2071.3221043006747,2086.5358776416674,2099.7138086960213,10.275452102584051,28.39170439534655,0.013607100984736779
"035|14336",2164.55404165107,2184.5330264493437,2197.6812046891273,9.596662330051268,33.12716303805746,0.015164413921405016
"035|3584",2248.497769479959,2281.7970097055904,2309.2653976566917,19.305855503155584,60.767628176732615,0.026631478575113558
"035|1792",2356.104353568404,2377.1083047551824,2387.2845547292272,9.474477124774634,31.180201160823344,0.013116861818390972
"035|896",2362.601979589669,2421.7944382758865,2442.4549940767342,25.508289832222378,79.85301448706514,0.03297266408123133
