Cores,Actual,Ideal
1,60624400.0,6.06244e+07
8,444515000.0,4.849952e+08
32,1684040000.0,1.9399808e+09
56,2469740000.0,3.3949664e+09
88,3861460000.0,5.3349472e+09
112,4307010000.0,6.7899328e+09
