Nodes,Problem1,Problem2
32,6.636799e+09,2.000133e+09
64,2.034274e+09,3.288118e+08
96,2.840158e+09,4.669072e+08
