No. Cores, Actual, Ideal
8, 2.05e+06, 2.0500000e+06
32, 7.80e+06, 8.2000000e+06
56, 1.33e+07, 1.4350000e+07
88, 1.77e+07, 2.2550000e+07
112, 2.11e+07, 2.8700000e+07