No. Cores, Actual, Ideal
8, 2.07e+06, 2.0700000e+06
32, 7.61e+06, 8.2800000e+06
56, 1.35e+07, 1.4490000e+07
88, 1.78e+07, 2.2770000e+07
112, 2.13e+07, 2.8980000e+07
