No. Cores, Actual, Ideal
4, 5.80e+05, 5.8000000e+05
8, 1.08e+06, 1.1600000e+06
18, 2.12e+06, 2.6100000e+06
26, 2.86e+06, 3.7700000e+06
36, 3.63e+06, 5.2200000e+06
