No. Cores, Actual, Ideal
8, 2.01e+06, 2.0100000e+06
32, 7.60e+06, 8.0400000e+06
56, 1.34e+07, 1.4070000e+07
88, 1.78e+07, 2.2110000e+07
112, 2.13e+07, 2.8140000e+07