Data Transferred (MB),Total Bandwidth (MB/s)
4.194304,508031.04
8.388608,784862.25
16.777216,1129931.01
33.554432,1317306.52
66.951744,1252839.5
133.903488,1356836.59
267.806976,1430348.3
535.613952,1474967.95
1071.227904,1496998.16
2142.455808,1506632.68
4284.911616,1512623.58
8569.823232,1517044.93
