Data Transferred (MB),Total Bandwidth (MB/s)
4.194304,728177.77
8.388608,1083239.69
16.777216,1476867.62
33.554432,1730323.39
66.951744,1629471.97
133.903488,1743534.92
267.806976,1821320.63
535.613952,1861425.36
1071.227904,1882041.47
2142.455808,1893056.87
4284.911616,1898720.78
8569.823232,1901308.97
