Data Transferred (MB),Total Bandwidth (MB/s)
4.194304,456696.86
8.388608,668734.72
16.777216,849737.46
33.554432,798003.05
53.314432,861021.21
106.628864,923801.5
213.257728,965141.75
426.515456,982718.3
853.030912,992782.98
1706.061824,991730.33
3412.123648,990247.51
6824.247296,990247.51
