Data Transferred (MB),Total Bandwidth (MB/s)
4.194304,704688.15
8.388608,1074360.68
16.777216,1464491.66
33.554432,1555750.72
66.951744,1591058.55
133.903488,1686611.83
267.806976,1757448.15
535.613952,1781199.94
1071.227904,1806381.99
2142.455808,1816133.04
4284.911616,1825467.10
8569.823232,1825579.10
