Data Transferred (MB),Total Bandwidth without Atomics (MB/s),Total Bandwidth with Atomics (MB/s)
4.194304,615361.48,492751.9
8.388608,916587.43,677374.66
16.777216,1044398.45,786038.96
33.554432,1025000.99,741567.16
53.314432,1098994.71,792614.68
106.628864,1167128.51,831375.29
213.257728,1200991.87,853850.6
426.515456,1229803.27,866450.52
853.030912,1239870.47,872005.75
1706.061824,1243804.45,875384.74
3412.123648,1246581.74,876456.83
6824.247296,1248311.13,876824.44
