Data Transferred (MB),Total Bandwidth (MB/s)
4.194304,598502.3
8.388608,851116.92
16.777216,890132.42
33.554432,910222.19
53.314432,974313.46
106.628864,1026540.96
213.257728,1055982.28
426.515456,1072811.37
853.030912,1082922.36
1706.061824,1084706.97
3412.123648,1088388.35
6824.247296,1090118.62
