unknowns,single iteration throughput
1769472,5.39658e+06
14155776,4.22206e+07 
47775744,1.17868e+08 
113246208,2.29063e+08 
221184000,3.57649e+08 
382205952,4.63734e+08 
