Iteration,Photons,Nodes,Photons/s
1,10,8,389526.944845
1,10,32,1118661.454450
1,10,56,1573534.905253
1,10,88,2474867.718320
1,10,112,3199066.384466
1,66,8,540217.631093
1,66,32,1123452.119160
1,66,56,1518091.720066
1,66,88,2399810.545866
1,66,112,3160933.921874
1,200,8,555655.848349
1,200,32,1121140.510231
1,200,56,1514059.293424
1,200,88,2398118.800503
1,200,112,3191200.914483
