No. Cells,Actual
19683,20.85107735
39304,26.86800991
54872,26.83676332
74088,28.57570093
